                  epoch,         train/box_loss,         train/cls_loss,         train/dfl_loss,   metrics/precision(B),      metrics/recall(B),       metrics/mAP50(B),    metrics/mAP50-95(B),           val/box_loss,           val/cls_loss,           val/dfl_loss,                 lr/pg0,                 lr/pg1,                 lr/pg2
                      1,                 5.7128,                 8.2048,                 2.8209,                0.00088,                0.00133,                0.00044,                  9e-05,                 5.1453,                 8.2559,                 2.8155,                      0,                      0,                      0
                      2,                 6.0118,                 8.2883,                 2.9176,                0.00122,                0.16799,                0.00138,                0.00018,                 5.0703,                   8.25,                 2.7691,             1.4276e-05,             1.4276e-05,             1.4276e-05
                      3,                  5.395,                 8.1272,                 2.7059,                0.00199,                0.16932,                0.00173,                0.00021,                 5.0012,                 8.2453,                 2.6846,             2.8523e-05,             2.8523e-05,             2.8523e-05
                      4,                 4.8585,                 8.2179,                 2.4751,                0.00069,                0.00133,                0.00035,                  7e-05,                 4.8441,                 8.2269,                 2.5773,             4.2743e-05,             4.2743e-05,             4.2743e-05
                      5,                 5.0408,                 8.0425,                 2.5273,                 0.0026,                0.00531,                0.00134,                 0.0003,                 4.7296,                 8.1952,                 2.4714,             5.6934e-05,             5.6934e-05,             5.6934e-05
